ID,SMILES
SMILES_0,CCCc1ccc(C(c2cc3c4c(c2)CCN4C(=O)CC3)n2ccnc2)cc1
SMILES_1,CCOC(=O)c1cn(-c2ccc(C)cc2C)c(-c2ccccc2)n1
SMILES_2,C=CCC1(c2ccccc2)C(=O)NC(=O)N(C)C1=O
SMILES_3,CC(C)C(c1cc2c3c(c1)CCN3C(=O)CC2)n1ccnc1
SMILES_4,Nc1cccc(-c2ccc(Cn3ccnc3)cn2)c1
SMILES_5,O=C1CCc2cc(C(c3ccco3)n3ccnc3)cc3c2N1CC3
SMILES_6,c1ccc(-c2cccc(Cn3ccnc3)c2)cc1
SMILES_7,Cc1cccc(Cn2cnc3ccccc32)c1
SMILES_8,CCOC(=O)c1cn(-c2ccccc2)c(-c2ccc(C)cc2)n1
SMILES_9,c1coc(-c2ccc(Cn3ccnc3)cn2)c1
SMILES_10,Fc1ccc(-c2ccc(Cn3ccnc3)cn2)cc1
SMILES_11,CCOC(=O)c1cn(-c2ccc(C)cc2C)c(-c2ccccc2)n1
SMILES_12,CCOC(=O)c1cn(-c2ccc(C)cc2C)c(-c2ccc()cc2)n1
SMILES_13,Nc1cccc(-c2ccc(Cn3ccnc3)cn2)c1
SMILES_14,O=C1CCc2cc(C(c3ccccc3)n3ccnc3)cc3c2N1CC3
SMILES_15,O=C1CCc2cc(C(c3ccccc3S)n3ccnc3)cc3c2N1CC3
SMILES_16,c1ccc2cc(-c3ccncc3Cn3ccnc3)ncc2c1
SMILES_17,CC(O)N(C)c1ccc(Cn2ccnc2)cc1
SMILES_18,Fc1cccc2c(-c3ccncc3)ncnc12
SMILES_19,Cc1cc(C)cc(Cn2cnc3ccccc32)c1
SMILES_20,Cc1ccc(Cn2ccnc2)cc1
SMILES_21,O=C1CCc2cc(C(C3CCC3)n3ccnc3)cc3c2N1CC3
SMILES_22,c1ccc2cc(-c3ccncc3Cn3ccnc3)ncc2c1
SMILES_23,c1ccc(-c2cc(Cn3cnc4ccccc43)cn2)cc1
SMILES_24,CCOC(=O)c1cn(-c2ccc(C)cc2C)c(-c2ccc(C)cc2)n1
SMILES_25,c1ccc(-c2cc(Cn3ccnc3)cc(-c3ccccc3)c2)cc1
SMILES_26,Cc1ccc(-c2ccc(Cn3ccnc3)cn2)cc1N
SMILES_27,c1ccc(C(c2ccccc2)(c2ccccc2)n2cnc3ccccc32)cc1
SMILES_28,CCOC(=O)c1cn(-c2ccc(C)cc2C)c(-c2ccc(OC)cc2)n1
SMILES_29,N#Cc1ccc(C(c2cc3c4c(c2)CCN4C(=O)CC3)n2ccnc2)cc1
SMILES_30,Fc1ccc(-c2ccc(Cn3ccnc3)cn2)cc1F
SMILES_31,CCOC(=O)c1cn(-c2ccc(C)cc2C)c(-c2ccc()cc2)n1
SMILES_32,CCOC(=O)c1cn(-c2ccccc2)c(-c2ccc(C)cc2)n1
SMILES_33,c1ccc(-c2cc(Cn3ccnc3)cnc2-c2ccccc2)cc1
SMILES_34,O=C(CC12CC3CC(CC(C3)C1)C2)C(=O)NC1(c2ccccc2)CC1
SMILES_35,c1ccc2c(c1)ncn2CC12CC3CC(CC(C3)C1)C2
SMILES_36,Cc1ncc(Cn2ccnc2)cc1-c1cc2ccccc2cn1
SMILES_37,Cc1ccc(Cn2cnc3ccccc32)cc1
SMILES_38,CCOC(=O)c1cn(-c2ccccc2)c(-c2ccc(NC(C)=O)cc2)n1
SMILES_39,CCOC(=O)c1cn(-c2ccc(C)cc2C)c(-c2ccc(OC)cc2)n1
SMILES_40,Cc1ccc(-c2cc(Cn3ccnc3)cs2)cc1
SMILES_41,C=CCC1(c2ccccc2)C(=O)NC(=O)N(C)C1=O
SMILES_42,CCOC(=O)c1cn(-c2ccccc2)c(-c2ccc(C)cc2)n1
SMILES_43,O=C1CCc2cc(C(c3ccccc3F)n3ccnc3)cc3c2N1CC3
SMILES_44,c1ccc2cc(-c3ccncc3Cn3ccnc3)ncc2c1
SMILES_45,c1ccc2c(-c3ccc(Cn4ccnc4)cn3)cccc2c1
SMILES_46,NS(=O)(=O)c1ccc(C(CC2CCC(C3CCC3)N2)n2ccnc2)cc1
SMILES_47,N=[N]=CC(F)(F)F
SMILES_48,Cc1cccc(Cn2ccnc2)c1
SMILES_49,c1ccc(-c2ccc(Cn3ccnc3)cn2)cc1
SMILES_50,c1cc(Cn2ccnc2)ccn1
SMILES_51,c1ccc(C(c2ccccc2)(c2ccccc2)n2ccnc2)cc1
SMILES_52,c1ccc(C(c2ccccc2)(c2ccccc2)n2cnc3ccccc32)cc1
SMILES_53,Cc1ccc(-c2ccc(Cn3ccnc3)cn2)cn1
SMILES_54,CCOC(=O)c1cn(-c2ccccc2)c(-c2ccc(OC)cc2)n1
SMILES_55,CC(O)(C(=O)Nc1ccc(C)cc1C)C(F)(F)F
SMILES_56,c1ccc(-c2ccc(Cn3ccnc3)cn2)cc1
SMILES_57,Fc1ccc(-c2ccc(Cn3ccnc3)cn2)cc1
SMILES_58,COc1ccc(Cn2ccnc2)cc1
SMILES_59,Cc1ccc(Cn2cnc3ccccc32)cc1
SMILES_60,O=C1CCc2cc(C(c3ccccc3S)n3ccnc3)cc3c2N1CC3
SMILES_61,COc1ccccc1-c1ccc(Cn2ccnc2)cn1
SMILES_62,Oc1ccc(-c2ccc(Cn3ccnc3)cn2)cc1F
SMILES_63,c1cc2cc(-c3ccc(Cn4ccnc4)cn3)ncc2cc1-c1cc2cc(Cn3ccnc3)cc2cn1
SMILES_64,O=C1CCc2cc(C(C3CCC3)n3ccnc3)cc3c2N1CC3
SMILES_65,O=Cc1ccc(-c2ccc(Cn3ccnc3)cn2)s1
SMILES_66,Cc1cccc(Cn2ccnc2)c1
SMILES_67,c1cc(-c2ccc(Cn3ccnc3)cn2)ccn1
SMILES_68,c1ccc2c(c1)ncn2C1c2ccccc2CC1(c1ccccc1)c1ccccc1
SMILES_69,c1ccc(C(c2ccccc2)(c2ccccc2)c2ccccc2)cc1
SMILES_70,C=CCC1(c2ccc(C)cc2)C(=O)NC(=O)N(C)C1=O
SMILES_71,Fc1ccccc1-c1ccc(Cn2ccnc2)cn1
SMILES_72,c1ccc2cc(-c3ccncc3-c3ccncc3)ncc2c1
SMILES_73,c1ccc2c(-c3ccc(Cn4ccnc4)cn3)cccc2c1
SMILES_74,c1ccc(-c2ccc(Cn3cnc4ccccc43)cc2)cc1
SMILES_75,CC(c1cc2c3c(c1)CCN3C(=O)CC2)n1ccnc1
SMILES_76,c1cn(CC23CC4CC(CC(C4)C2)C3)cn1
SMILES_77,c1cncc(-c2ccc(Cn3ccnc3)cn2)c1
SMILES_78,c1ccc2cc(-c3ccncc3Cn3ccnc3)ncc2c1
SMILES_79,c1coc(-c2ccc(Cn3ccnc3)cn2)c1
SMILES_80,O=Cc1ccc(-c2ccc(Cn3ccnc3)cn2)s1
SMILES_81,c1cn(Cc2ccc(-c3ccccc3Cn3ccnc3)nc2)cn1
SMILES_82,c1ccc(C(Cn2ccnc2)(c2ccccc2)c2ccccc2)cc1
SMILES_83,c1cncc(Cn2ccnc2)c1
SMILES_84,c1ccc(Cn2ccnc2)cc1
SMILES_85,c1cncc(Cn2ccnc2)c1
SMILES_86,CCOC(=O)c1cn(-c2ccc(C)cc2C)c(-c2ccc([N](=O)[O-])cc2)n1
SMILES_87,N#Cc1ncccc1Cn1ccnc1
SMILES_88,c1ccc2cc(-c3cc(Cn4ccnc4)cnc3OC3CCCC3)ccc2c1
SMILES_89,CCOC(=O)c1cn(-c2ccccc2)c(-c2ccc(C)cc2)n1
SMILES_90,CC(c1cc2c3c(c1)CCN3C(=O)CC2)n1ccnc1
SMILES_91,c1ccc(-c2cc(Cn3ccnc3)cs2)cc1
SMILES_92,Fc1ccccc1-c1ccc(Cn2ccnc2)cn1
SMILES_93,c1ccc(-c2ccccc2Cn2ccnc2)cc1
SMILES_94,c1ccc(-c2cccc(Cn3ccnc3)c2)cc1
SMILES_95,CCCCC(C(c1cc2c3c(c1)CCN3C(=O)CC2)n1ccnc1)n1ccnc1
SMILES_96,c1cc(Cn2ccnc2)ccn1
SMILES_97,N#Cc1cccc(-c2ccc(Cn3ccnc3)cn2)c1
SMILES_98,CC(c1cc2c3c(c1)CCN3C(=O)CC2)n1ccnc1
SMILES_99,Cc1ccc(-c2ccc(Cn3ccnc3)cn2)cn1
SMILES_100,c1ccc(C(c2ccccc2)(c2ccccc2)n2ccnc2)cc1
SMILES_101,Cc1ccc(Cn2cnc3ccccc32)cc1
SMILES_102,FC(F)(F)C1()N=N1
SMILES_103,CCOC(=O)c1cn(-c2ccccc2)c(-c2ccccc2)n1
SMILES_104,C=CCC1(c2ccc(C3(C(F)(F)F)N=N3)cc2)C(=O)NC(=O)N(C)C1=O
SMILES_105,FC(F)(F)C1()N=N1
SMILES_106,O=CCc1ccc(-c2ccc(Cn3ccnc3)cn2)s1
SMILES_107,Nc1cccc(-c2ccc(Cn3ccnc3)cn2)c1
SMILES_108,c1cn(Cc2ccc(-c3ccoc3)nc2)cn1
SMILES_109,Fc1ccc(-c2cc(Cn3ccnc3)cs2)cc1
SMILES_110,FC1(C(F)(F)C(C))N=N1
SMILES_111,c1ccc2c(-c3ccncc3)cncc2c1
SMILES_112,O=C1c2ccc(-c3ccc(C(F)(F)F)cc3)cc2C(=O)N(Cc2ccccc2)C1=O
SMILES_113,CCC(c1cc2c3c(c1)CCN3C(=O)CC2)n1ccnc1
SMILES_114,c1coc(-c2ccc(Cn3ccnc3)cn2)c1
SMILES_115,CC(c1cc2c3c(c1)CCN3C(=O)CC2)(n1ccnc1)n1ccnc1
SMILES_116,c1ccc(C(CCn2ccnc2)(c2ccccc2)c2ccccc2)cc1
SMILES_117,COc1ccc(-c2ccc(Cn3ccnc3)cn2)cc1OC
SMILES_118,CC(c1cc2c3c(c1)CCN3C(=O)CC2)n1ccnc1
SMILES_119,Oc1ccc(-c2ccc(Cn3ccnc3)cn2)cc1
SMILES_120,COc1ccc2c(c1)C(C)n1c-2ccc2ccccc21
SMILES_121,CC(c1cc2c3c(c1)CCN3C(=O)CC2)n1ccnc1
SMILES_122,c1ccc2c(-c3ccsc3Cn3ccnc3)cncc2c1
SMILES_123,c1ccc2c(-c3ccc(Cn4ccnc4)cn3)cncc2c1
SMILES_124,Fc1ccc(-c2ccc(Cn3ccnc3)cn2)cc1
SMILES_125,c1ccc2c(c1)ncn2CC12CC3CC(CC(C3)C1)C2
SMILES_126,Nc1cccc(-c2ccc(Cn3ccnc3)cn2)c1
SMILES_127,c1ccc2cc(-c3ccc(Cn4ccnc4)cn3)ccc2c1
SMILES_128,Nc1ccc(-c2ccc(Cn3ccnc3)cn2)cc1
SMILES_129,FC1(C(F)(F)C(C))N=N1
SMILES_130,c1ccc(-c2ccc(Cn3ccnc3)cn2)cc1
SMILES_131,CCOC(=O)c1cn(-c2ccc(C)cc2C)c(-c2ccc(C)cc2)n1
SMILES_132,c1ccc2c(c1)ncn2CC12CC3CC(CC(C3)C1)C2
SMILES_133,O=Cc1ccc(-c2ccc(Cn3ccnc3)cn2)s1
SMILES_134,FC1(C(F)(F)C(C))N=N1
SMILES_135,c1ccc(C(Cn2cnc3ccccc32)(c2ccccc2)c2ccccc2)cc1
SMILES_136,C=CCC1(c2cccc3ccccc23)C(=O)NC(=O)N(C)C1=O
SMILES_137,c1ccc(-c2cc(Cn3ccnc3)cs2)cc1
SMILES_138,N#Cc1cccc(C(c2cc3c4c(c2)CCN4C(=O)CC3)n2ccnc2)c1
SMILES_139,CCOC(=O)c1cn(-c2ccccc2)c(-c2ccc(NC(C)=O)cc2)n1
SMILES_140,Cc1cccc(Cn2ccnc2)c1
SMILES_141,C=CCC1(c2cccc(C)c2)C(=O)NC(=O)N(C)C1=O
SMILES_142,c1cn(Cc2ccc(-c3ccoc3)nc2)cn1
SMILES_143,c1ccc(C(Cn2ccnc2)(c2ccccc2)c2ccccc2)cc1
SMILES_144,c1cnnc(-c2ccc(Cn3ccnc3)cn2)c1
SMILES_145,O=C1CCc2cc(C(c3ccccc3S)n3ccnc3)cc3c2N1CC3
SMILES_146,c1cc(Cn2ccnc2)ccn1
SMILES_147,C=CCC1(c2ccccc2)C(=O)NC(=O)N(C)C1=O
SMILES_148,c1cncc(Cn2ccnc2)c1
SMILES_149,Cc1ccc(Cn2cnc3ccccc32)cc1
SMILES_150,FC(F)(F)C1()N=N1
SMILES_151,CCOC(=O)c1cn(-c2ccc(C)cc2C)c(-c2ccc(C)cc2)n1
SMILES_152,Sc1ncccc1-c1ccc(Cn2ccnc2)cn1
SMILES_153,c1ccc(C(CCn2ccnc2)(c2ccccc2)c2ccccc2)cc1
SMILES_154,COc1ccc(-c2ccc(Cn3ccnc3)cn2)cc1
SMILES_155,N#Cc1ccc(-c2ccc(Cn3ccnc3)cn2)cc1
SMILES_156,c1cncc(Cn2ccnc2)c1
SMILES_157,c1cc(Cn2ccnc2)ccn1
SMILES_158,O=C1CCc2cc(C(C3CC3)n3ccnc3)cc3c2N1CC3
SMILES_159,CCOC(=O)c1cn(-c2ccc(C)cc2C)c(-c2ccc(OC)cc2)n1
SMILES_160,Cc1ccc(Cn2ccnc2)cc1
SMILES_161,c1cncc(Cn2ccnc2)c1
SMILES_162,C=CCC1(c2cccc(C)c2)C(=O)NC(=O)N(C)C1=O
SMILES_163,C=CCC1(c2ccc(C)cc2)C(=O)NC(=O)N(C)C1=O
SMILES_164,COc1ccccc1-c1ccc(Cn2ccnc2)cn1
SMILES_165,Cc1ncc(Cn2ccnc2)cc1-c1cc2ccccc2cn1
SMILES_166,O=Cc1ccc(-c2ccc(Cn3ccnc3)cn2)s1
SMILES_167,FC1(C(F)(F)C(C))N=N1
SMILES_168,FC1(C(F)(F)C(C))N=N1
SMILES_169,c1cncc(Cn2ccnc2)c1
SMILES_170,FC1(C(F)(F)C(C))N=N1
SMILES_171,Fc1ccccc1-c1ccc(Cn2ccnc2)cn1
SMILES_172,CCOC(=O)c1cn(-c2ccccc2)c(-c2ccc(N)cc2)n1
SMILES_173,c1ccc(-c2cccc(Cn3ccnc3)c2)cc1
SMILES_174,Cc1ccc(-c2ccc(Cn3ccnc3)cn2)cn1
SMILES_175,c1ccc(-c2ccc(Cn3ccnc3)s2)cc1
SMILES_176,c1ccc2c(-c3ccc(Cn4ccnc4)cn3)cccc2c1
SMILES_177,Cc1ccc(Cn2ccnc2)cc1
SMILES_178,Oc1ccc(-c2ccc(Cn3ccnc3)cn2)cc1F
SMILES_179,CCOC(=O)c1cn(-c2ccc(C)cc2C)c(-c2ccc()cc2)n1
SMILES_180,COc1ccccc1-c1ccc(Cn2ccnc2)cn1
SMILES_181,c1ccc(-c2cc(Cn3ccnc3)cs2)cc1
SMILES_182,O=C1CCc2cc(C(c3ccc(F)cc3)n3ccnc3)cc3c2N1CC3
SMILES_183,c1cncc(Cn2ccnc2)c1
SMILES_184,FC1(C(F)(F)C(C))N=N1
SMILES_185,c1cncc(Cn2ccnc2)c1
SMILES_186,C=CCC1(c2ccc(C(C)(C)C)cc2)C(=O)NC(=O)N(C)C1=O
SMILES_187,Cc1ccc(Cn2ccnc2)cc1
SMILES_188,Cc1cc(C)cc(Cn2ccnc2)c1
SMILES_189,Cc1c(C)c(C)c(Cn2cnc3ccccc32)c(C)c1C
SMILES_190,Cc1ccccc1Cn1cnc2ccccc21
SMILES_191,Cc1ccc(-c2ccc(Cn3ccnc3)cn2)cc1N
SMILES_192,c1ccc2c(c1)ncn2CC12CC3CC(CC(C3)C1)C2
SMILES_193,c1ccc(-c2ccc(Cn3ccnc3)s2)cc1
SMILES_194,c1ccc(C(Cn2ccnc2)(c2ccccc2)c2ccccc2)cc1
SMILES_195,FC(C)C(F)(F)C1(F)N=N1
SMILES_196,c1ccc(-c2ccc(Cn3ccnc3)cn2)cc1
SMILES_197,c1ccc2cc(-c3ccc(Cn4ccnc4)cn3)ccc2c1
SMILES_198,CCOC(=O)c1cn(-c2ccccc2)c(-c2ccc([N](=O)[O-])cc2)n1
SMILES_199,C=CCC1(c2ccc(C(C)(C)C)cc2)C(=O)NC(=O)N(C)C1=O
SMILES_200,CCOC(=O)c1cn(-c2ccc(C)cc2C)c(-c2ccc(NC(C)=O)cc2)n1
SMILES_201,CCOC(=O)c1cn(-c2ccccc2)c(-c2ccc(NC(C)=O)cc2)n1
SMILES_202,Fc1ccc(-c2ccc(Cn3ccnc3)cn2)cc1
SMILES_203,Fc1ccc(-c2ccc(Cn3ccnc3)cn2)cc1
SMILES_204,c1ccc2c(-c3ccc(Cn4ccnc4)cn3)cncc2c1
SMILES_205,N#Cc1ncccc1Cn1ccnc1
SMILES_206,CCOC(=O)c1cn(-c2ccc(C)cc2C)c(-c2ccc(C)cc2)n1
SMILES_207,O=Cc1ccc(-c2ccc(Cn3ccnc3)cn2)cc1
SMILES_208,Cc1cc(C)c(Cn2cnc3ccccc32)c(C)c1
SMILES_209,c1cc(Cn2ccnc2)ccn1
SMILES_210,N#Cc1ccc(C(c2cc3c4c(c2)CCN4C(=O)CC3)n2ccnc2)cc1
SMILES_211,Cc1ccc(-c2ccc(Cn3ccnc3)cn2)cc1N
SMILES_212,CCOC(=O)c1cn(-c2ccc(C)cc2C)c(-c2ccc(C)cc2)n1
SMILES_213,Nc1ccccc1-c1ccc(Cn2ccnc2)cn1
SMILES_214,CCC(c1cc2c3c(c1)CCN3C(=O)CC2)n1ccnc1
SMILES_215,c1csc(Cn2ccnc2)c1
SMILES_216,CCOC(=O)c1cn(-c2ccccc2)c(-c2ccc(C)cc2)n1
SMILES_217,Cc1cn(-c2ccccc2)c(-c2ccccc2)n1
SMILES_218,c1ccc(C(Cn2ccnc2)(c2ccccc2)c2ccccc2)cc1
SMILES_219,CCOC(=O)c1cn(-c2ccccc2)c(-c2ccc(NC(C)=O)cc2)n1
SMILES_220,Cc1ccc(Cn2cnc3ccccc32)cc1
SMILES_221,Cc1ccc(Cn2cnc3ccccc32)cc1
SMILES_222,Oc1ccc(-c2ccc(Cn3ccnc3)cc2)cc1
SMILES_223,CCOC(=O)c1cn(-c2ccccc2)c(-c2ccc(C)cc2)n1
SMILES_224,Cc1ccc(Cn2cnc3ccccc32)cc1
SMILES_225,CCOC(=O)c1cn(-c2ccccc2)c(-c2ccc(OC)cc2)n1
SMILES_226,Cc1ccc(-c2ccc(Cn3ccnc3)cn2)cn1
SMILES_227,CCOC(=O)c1cn(-c2ccccc2)c(-c2ccc(OC)cc2)n1
SMILES_228,O=C1CCc2cc(C(c3ccccc3F)n3ccnc3)cc3c2N1CC3
SMILES_229,c1cncc(Cn2ccnc2)c1
SMILES_230,c1ccc2c(-c3ccc(Cn4ccnc4)cn3)cncc2c1
SMILES_231,c1cc(Cn2ccnc2)ccn1
SMILES_232,CCOC(=O)c1cn(-c2ccc(C)cc2C)c(-c2ccc(N)cc2)n1
SMILES_233,c1cncc(Cn2ccnc2)c1
SMILES_234,Nc1ccc(-c2ccc(Cn3ccnc3)cn2)cn1
SMILES_235,CCOC(=O)c1cn(-c2ccccc2)c(-c2ccc()cc2)n1
SMILES_236,COc1ccc(-c2ccc(Cn3ccnc3)cn2)cc1
SMILES_237,Cc1ccccc1-c1ccc(Cn2ccnc2)cn1
SMILES_238,c1ccc(-c2cccc(Cn3ccnc3)c2)cc1
SMILES_239,N#Cc1ncccc1Cn1ccnc1
SMILES_240,O=C1CCc2cc(C(C3CCC3)n3ccnc3)cc3c2N1CC3
SMILES_241,c1ccc(-c2cccc(Cn3ccnc3)c2)cc1
SMILES_242,CCOC(=O)c1cn(-c2ccc(C)cc2C)c(-c2ccc([N](=O)[O-])cc2)n1
SMILES_243,c1cncc(-c2ccc(Cn3cnc4ccccc43)cc2)c1
SMILES_244,FC(C)C(F)(F)C1(F)N=N1
SMILES_245,c1ccc(C(Cn2cnc3ccccc32)(c2ccccc2)c2ccccc2)cc1
SMILES_246,Cc1ccc(-c2cccc(Cn3ccnc3)c2)cc1N
SMILES_247,Nc1ccccc1C(c1ccc2c3c(c1)CCN3C(=O)CC2)n1ccnc1
SMILES_248,c1ccc2cc(-c3ccc(Cn4ccnc4)cn3)ccc2c1
SMILES_249,c1cn(Cc2ccc(-c3ccoc3)nc2)cn1
SMILES_250,c1cncc(-c2ccccc2-c2ccccc2)c1
SMILES_251,c1ccc(C(Cn2cnc3ccccc32)(c2ccccc2)c2ccccc2)cc1
SMILES_252,CC(c1cc2c3c(c1)CCN3C(=O)CC2)n1ccnc1
SMILES_253,Nc1ccccc1Cn1ccnc1
SMILES_254,CCC(c1cc2c3c(c1)CCN3C(=O)CC2)n1ccnc1
SMILES_255,CCOC(=O)c1cn(-c2ccccc2)c(-c2ccc(C)cc2)n1
SMILES_256,CCOC(=O)c1cn(-c2ccccc2)c(-c2ccc(C)cc2)n1
SMILES_257,FC(F)(F)C1()N=N1
SMILES_258,c1ccc2cc(-c3cc(Cn4ccnc4)cnc32)nc1
SMILES_259,Cc1ccc(-c2ccc(Cn3ccnc3)cn2)cn1
SMILES_260,Nc1ccccc1-c1ccc(Cn2ccnc2)cn1
SMILES_261,Cc1ccc(Cn2ccnc2)cc1
SMILES_262,c1ccc2cc(-c3ccncc3Cn3ccnc3)ncc2c1
SMILES_263,N#Cc1cccc(C(c2cc3c4c(c2)CCN4C(=O)CC3)n2ccnc2)c1
SMILES_264,COc1cccc(-c2ccc(Cn3ccnc3)cn2)c1
SMILES_265,CCOC(=O)c1cn(-c2ccc(C)cc2C)c(-c2ccc(N)cc2)n1
SMILES_266,c1ccc2cc(-c3ccc(Cn4ccnc4)cn3)ncc2c1
SMILES_267,c1ccc(-c2ccc(Cn3ccnc3)s2)cc1
SMILES_268,CCOC(=O)c1cn(-c2ccccc2)c(-c2ccc(OC)cc2)n1
SMILES_269,Cc1c(C)c(C)c(Cn2cnc3ccccc32)c(C)c1C
SMILES_270,Cc1ccc(Cn2cnc3ccccc32)cc1
SMILES_271,c1ccc(-c2ccc(Cn3ccnc3)cn2)cc1
SMILES_272,Cc1ccc(Cn2cnc3ccccc32)cc1
SMILES_273,O=Cc1ccc(-c2ccc(Cn3ccnc3)cn2)cc1
SMILES_274,c1cncc(Cn2ccnc2)c1
SMILES_275,Cc1ccc(Cn2ccnc2)cc1
SMILES_276,CCOC(=O)c1cn(-c2ccccc2)c(-c2ccc()cc2)n1
SMILES_277,c1ccc(-c2cc(Cn3ccnc3)cnc2-c2ccccc2)cc1
SMILES_278,FC1(C(F)(F)C(C))N=N1
SMILES_279,c1ccc(-c2ccc(Cn3ccnc3)o2)cc1
SMILES_280,c1ccc(-c2cc(Cn3ccnc3)cs2)cc1
SMILES_281,Cc1cc(C)cc(Cn2ccnc2)c1
SMILES_282,c1ccc(-c2cccc(Cn3ccnc3)c2)cc1
SMILES_283,Cc1cc(C)c(Cn2ccnc2)c(C)c1
SMILES_284,c1cncc(Cn2ccnc2)c1
SMILES_285,O=C1CCc2cc(C(c3ccccc3S)n3ccnc3)cc3c2N1CC3
SMILES_286,Cc1ccc(-c2ccc(Cn3ccnc3)cn2)cc1N
SMILES_287,C=CCC1(c2ccc(C)cc2)C(=O)NC(=O)N(C)C1=O
SMILES_288,Cc1ccc(-c2ccc(Cn3ccnc3)cn2)cc1N
SMILES_289,C=CCC1(c2cc(C)cc(C)c2)C(=O)NC(=O)N(C)C1=O
SMILES_290,CC(c1cc2c3c(c1)CCN3C(=O)CC2)n1ccnc1
SMILES_291,c1coc(-c2ccc(Cn3ccnc3)cn2)c1
SMILES_292,CC(c1cc2c3c(c1)CCN3C(=O)CC2)n1ccnc1
SMILES_293,Cc1cc(C)c(Cn2cnc3ccccc32)c(C)c1
SMILES_294,c1cc(Cn2ccnc2)ccn1
SMILES_295,CC(C)(c1cc2c3c(c1)CCN3C(=O)CC2)n1ccnc1
SMILES_296,N#Cc1ncccc1Cn1ccnc1
SMILES_297,Cc1cccc(Cn2ccnc2)c1
SMILES_298,C[1]N([2])C(=O)c1ccc(C(=O)Nc2ccc(C)cc2)cn1
SMILES_299,COc1ccc(-c2ccc(Cn3ccnc3)cn2)cc1
SMILES_300,[1]N([2])C(=O)c1cn(-c2ccccc2)c(-c2ccc(-c3ccccc3)c2)n1
SMILES_301,Nc1ccccc1-c1ccc(Cn2ccnc2)cn1
SMILES_302,C=CCC1(c2ccc(F)cc2)C(=O)NC(=O)N(C)C1=O
SMILES_303,CCOC(=O)c1cn(-c2ccc(C)cc2C)c(-c2ccc()cc2)n1
SMILES_304,c1cn(C23CC4CC(CC(C4)C2)C3)cn1
SMILES_305,CCOC(=O)c1cn(-c2ccccc2)c(-c2ccc(C)cc2)n1
SMILES_306,C=CCC1(c2ccc()cc2)C(=O)NC(=O)N(C)C1=O
SMILES_307,O=C1CCc2cc(C(C3CC3)n3ccnc3)cc3c2N1CC3
SMILES_308,c1ccc2cc(-c3ccncc3Cn3ccnc3)ccc2c1
SMILES_309,c1ccc(-c2cc(Cn3cnc4ccccc43)cc(-c3ccccc3)c2)cc1
SMILES_310,Cc1ccc(Cn2ccnc2)cc1
SMILES_311,c1ccc2c(-c3ccc(Cn4ccnc4)cn3)cncc2c1
SMILES_312,Nc1ccc(-c2ccc(Cn3ccnc3)cn2)cn1
SMILES_313,FC(C)C(F)(F)C1(F)N=N1
SMILES_314,Cc1cc(C)c(Cn2cnc3ccccc32)c(C)c1
SMILES_315,c1ccc(-c2ccc(Cn3ccnc3)s2)cc1
SMILES_316,O=Cc1ccc(C(c2ccc3c4c(c2)CCN4C(=O)CC3)n2ccnc2)cc1
SMILES_317,c1ccc(-c2ccc(Cn3ccnc3)cn2)cc1
SMILES_318,Oc1ccc(-c2ccc(Cn3ccnc3)cn2)cc1F
SMILES_319,c1ccc(-c2cccc(Cn3cnc4ccccc43)c2)cc1
SMILES_320,c1cncc(Cn2ccnc2)c1
SMILES_321,c1cn(Cc2ccc(-c3ccc(Cn4ccnc4)cn3)cc2)cn1
SMILES_322,Cc1ccc(Cn2ccnc2)cc1
SMILES_323,c1cncc(Cn2ccnc2)c1
SMILES_324,Fc1ccc(-c2ccc(Cn3ccnc3)cn2)cc1
SMILES_325,c1ccc(-c2cc(Cn3ccnc3)cs2)cc1
SMILES_326,Nc1cccc(-c2ccc(Cn3ccnc3)cn2)c1
SMILES_327,c1ccc(C(Cn2ccnc2)(c2ccccc2)c2ccccc2)cc1
SMILES_328,CCOC(=O)c1cn(-c2ccc(C)cc2C)c(-c2ccc(C)cc2)n1
SMILES_329,c1ccc(-c2cc(Cn3ccnc3)cnc2-c2ccccc2)cc1
SMILES_330,C=CCC1(c2cccc3ccccc23)C(=O)NC(=O)N(C)C1=O
SMILES_331,Cc1ccc(-c2ccc(Cn3ccnc3)cn2)cc1N
SMILES_332,c1cn(CC23CC4CC(CC(C4)C2)C3)cn1
SMILES_333,c1ccc(-c2ccc(Cn3ccnc3)cn2)cc1
SMILES_334,c1ccc(-c2ccc(Cn3ccnc3)cc2)cc1
SMILES_335,c1ccc(C(c2ccccc2)(c2ccccc2)n2cnc3ccccc32)cc1
SMILES_336,NC(=O)c1ccc(-c2cccc(Cn3ccnc3)c2)cc1
SMILES_337,c1ccc(C(CCn2ccnc2)(c2ccccc2)c2ccccc2)cc1
SMILES_338,C=CCC1(c2cccc(C3(C(F)(F)F)N=N3)c2)C(=O)NC(=O)N(C)C1=O
SMILES_339,Cc1ccc(-c2ccc(Cn3ccnc3)cn2)cn1
SMILES_340,CC(c1cc2c3c(c1)CCN3C(=O)CC2)n1ccnc1
SMILES_341,CCOC(=O)c1cn(-c2ccccc2)c(-c2ccc(NC(C)=O)cc2)n1
SMILES_342,c1ccc(-c2ccc(Cn3ccnc3)cn2)cc1
SMILES_343,c1ccc(-c2ccc(Cn3cnc4ccccc43)cc2)cc1
SMILES_344,N=[N]=NC(F)(F)C(F)C
SMILES_345,c1ccc(-c2ccc(Cn3ccnc3)s2)cc1
SMILES_346,Cc1c(C)c(C)c(Cn2cnc3ccccc32)c(C)c1C
SMILES_347,CCOC(=O)c1cn(-c2ccccc2)c(-c2ccc([N](=O)[O-])cc2)n1
SMILES_348,FC1(C(F)(F)C(C))N=N1
SMILES_349,O=C1CCc2cc(C(C3CC3)n3ccnc3)cc3c2N1CC3
SMILES_350,c1cn(Cc2ccc(-c3ccoc3)nc2)cn1
SMILES_351,Cc1cc(C)c(Cn2ccnc2)c(C)c1
SMILES_352,c1cncc(Cn2ccnc2)c1
SMILES_353,c1ccc(C(c2ccccc2)(c2ccccc2)n2cnc3ccccc32)cc1
SMILES_354,N#Cc1ccc(C(c2cc3c4c(c2)CCN4C(=O)CC3)n2ccnc2)cc1
SMILES_355,O=C1CCc2cc(C(c3cccc(F)c3)n3ccnc3)cc3c2N1CC3
SMILES_356,C=CCC1(c2ccccc2)C(=O)NC(=O)N(C)C1=O
SMILES_357,c1ccc(-c2cccc(Cn3ccnc3)c2)cc1
SMILES_358,Nc1ccc(-c2ccc(Cn3ccnc3)cn2)cc1
SMILES_359,FC(F)(F)C1()N=N1
SMILES_360,Cc1ccccc1Cn1cnc2ccccc21
SMILES_361,Fc1ccc(-c2ccc(Cn3ccnc3)cn2)cc1
SMILES_362,c1cncc(Cn2ccnc2)c1
SMILES_363,N=[N]=CC(F)(F)F
SMILES_364,c1cc(-c2cc(Cn3ccnc3)cnc2-c2ccccc2)cc1F
SMILES_365,C=CCC1(c2ccccc2)C(=O)NC(=O)N(C)C1=O
SMILES_366,N#Cc1cccc(C(c2cc3c4c(c2)CCN4C(=O)CC3)n2ccnc2)c1
SMILES_367,c1ccc(C(c2ccccc2)(c2ccccc2)n2cnc3ccccc32)cc1
SMILES_368,c1ccc(-c2ccc(Cn3ccnc3)cc2)cc1
SMILES_369,NC(Cc1ccccc1)(c1ccc(C)cc1)c1ccc(C)cc1
SMILES_370,CCOC(=O)c1cn(-c2ccc(C)cc2C)c(-c2ccc(C)cc2)n1
SMILES_371,c1ccc2c(-c3ccncc3Cn3ccnc3)cncc2c1
SMILES_372,COc1ccccc1C(C#N)(c1ccccc1)n1ccnc1
SMILES_373,CCOC(=O)c1cn(-c2ccc(C)cc2C)c(-c2ccc([N](=O)[O-])cc2)n1
SMILES_374,CCOC(=O)c1cn(-c2ccccc2)c(-c2ccc(OC)cc2)n1
SMILES_375,CCOC(=O)c1cn(-c2ccccc2)c(-c2ccc()cc2)n1
SMILES_376,Cc1cccc(Cn2cnc3ccccc32)c1
SMILES_377,Cc1ccc(Cn2ccnc2)cc1
SMILES_378,CC(c1cc2c3c(c1)CCN3C(=O)CC2)n1ccnc1
SMILES_379,Cc1ccc(-c2ccc(Cn3ccnc3)cn2)cc1N
SMILES_380,c1ccc(-c2ccc(Cn3ccnc3)s2)cc1
SMILES_381,COc1ccc(-c2ccc(Cn3ccnc3)cn2)cc1
SMILES_382,Cc1ccc(Cn2ccnc2)cc1
SMILES_383,Nc1cc(C(F)(F)F)cc(C(C)(C)C)c1
SMILES_384,O=Cc1ccc(-c2ccc(Cn3ccnc3)cn2)cc1O
SMILES_385,Cc1cccc(Cn2cnc3ccccc32)c1
SMILES_386,c1ccc2cc(-c3ccncn3)ncc2c1
SMILES_387,FC(F)(F)C1(N=N1)N=N1
SMILES_388,Cc1ccc(-c2ccc(Cn3ccnc3)cn2)cn1
SMILES_389,N#Cc1ncccc1Cn1ccnc1
SMILES_390,N#Cc1ccc(C(c2cc3c4c(c2)CCN4C(=O)CC3)n2ccnc2)cc1
SMILES_391,Fc1ccc(-c2ccc(Cn3ccnc3)cn2)cc1
SMILES_392,CCOC(=O)c1cn(-c2ccccc2)c(-c2ccc(C)cc2)n1
SMILES_393,CCOC(=O)c1cn(-c2cccc(C)c2C)c(-c2ccc(N)cc2)n1
SMILES_394,c1ccc(-c2ccc(Cn3ccnc3)o2)cc1
SMILES_395,CCOC(=O)c1cn(-c2ccc(C)cc2C)c(-c2ccc(N)cc2)n1
SMILES_396,c1ccc2c(c1)ncn2CC12CC3CC(CC(C3)C1)C2
SMILES_397,CCOC(=O)c1cn(-c2ccc(C)cc2C)c(-c2ccc(C)cc2)n1
SMILES_398,c1ccc(Cn2ccnc2)cc1
SMILES_399,c1ccc(-c2ccccc2Cn2ccnc2)cc1
SMILES_400,CCOC(=O)c1cn(-c2ccccc2)c(-c2ccc(C)cc2)n1
SMILES_401,c1cn(CC23CC4CC(CC(C4)C2)C3)cn1
SMILES_402,CC(c1cc2c3c(c1)CCN3C(=O)CC2)n1ccnc1
SMILES_403,c1ccc(-c2cc(Cn3ccnc3)cc(-c3ccccc3)c2)cc1
SMILES_404,c1ccc(-c2ccc(Cn3ccnc3)cc2)cc1
SMILES_405,c1cc2c(c1)CC(n1ccnc1)CN2
SMILES_406,N#Cc1ccc(C(c2cc3c4c(c2)CCN4C(=O)CC3)n2ccnc2)cc1
SMILES_407,C=CCC1(c2ccc(C(C)(C)C)cc2)C(=O)NC(=O)N(C)C1=O
SMILES_408,c1cncc(-c2ccc(Cn3ccnc3)cn2)c1
SMILES_409,N#Cc1ccc(-c2ccc(Cn3ccnc3)cn2)cc1
SMILES_410,O=C1CCc2cc(C(C3CCC3)n3ccnc3)cc3c2N1CC3
SMILES_411,O=[N]([O-])c1ccc(-c2ccc(Cn3ccnc3)cn2)s1
SMILES_412,CCOC(=O)c1cn(-c2ccccc2)c(-c2ccc(OC)cc2)n1
SMILES_413,Cc1ccc(Cn2ccnc2)cc1
SMILES_414,N=[N]=CC(F)(F)F
SMILES_415,COc1cccc(C(c2cc3c4c(c2)CCN4C(=O)CC3)n2ccnc2)c1
SMILES_416,Nc1cc(Cn2ccnc2)ccc1CN
SMILES_417,c1cc(Cn2ccnc2)ccn1
SMILES_418,CCOC(=O)c1cn(-c2ccccc2)c(-c2ccc(C)cc2)n1
SMILES_419,N#Cc1ccc(-c2ccc(Cn3ccnc3)cn2)cc1
SMILES_420,c1cc(-c2ccccc2Cn2ccnc2)ccn1
SMILES_421,CCOC(=O)c1cn(-c2ccc(C)cc2C)c(-c2ccc(N)cc2)n1
SMILES_422,FC1(C(F)(F)C(C))N=N1
SMILES_423,c1ccc(C(CCn2ccnc2)(c2ccccc2)c2ccccc2)cc1
SMILES_424,FC(F)(C(F)(F)C1()N=N1
SMILES_425,c1cn(Cc2ccc(-c3cncnc3)nc2)cn1
SMILES_426,CCOC(=O)c1cn(-c2ccccc2)c(-c2ccc()cc2)n1
SMILES_427,CC(C)C(c1cc2c3c(c1)CCN3C(=O)CC2)n1ccnc1
SMILES_428,CCOC(=O)c1cn(-c2ccccc2)c(-c2ccc(C)cc2)n1
SMILES_429,c1ccc(C(Cn2ccnc2)(c2ccccc2)c2ccccc2)cc1
SMILES_430,Oc1ccc(-c2ccc(Cn3ccnc3)cn2)cc1F
SMILES_431,c1ccc(-c2cc(Cn3cnc4ccccc43)cc(-c3ccccc3)c2)cc1
SMILES_432,Fc1ccccc1-c1ccc(Cn2ccnc2)cn1
SMILES_433,N#Cc1ncccc1Cn1ccnc1
SMILES_434,c1ccc(-c2cc(Cn3ccnc3)cnc2-c2ccccc2)cc1
SMILES_435,c1ccc(-c2ccc(Cn3ccnc3)o2)cc1
SMILES_436,O=C1CCc2cc(C(c3ccccc3S)n3ccnc3)cc3c2N1CC3
SMILES_437,c1ccc(-c2ccccc2Cn2ccnc2)cc1
SMILES_438,CCOC(=O)c1cn(-c2ccc(C)cc2C)c(-c2ccc(N)cc2)n1
SMILES_439,c1ccc(-c2ccc(Cn3ccnc3)cn2)cc1
SMILES_440,CCOC(=O)c1cn(-c2ccccc2)c(-c2ccc(NC(C)=O)cc2)n1
SMILES_441,CC(c1cc2c3c(c1)CCN3C(=O)CC2)n1ccnc1
SMILES_442,CCOC(=O)c1cn(-c2ccccc2)c(-c2ccc(OC)cc2)n1
SMILES_443,CCOC(=O)c1cn(-c2ccccc2)c(-c2ccc(NC(C)=O)cc2)n1
SMILES_444,c1ccc(C(CCn2ccnc2)(c2ccccc2)c2ccccc2)cc1
SMILES_445,c1ccc(-c2ccc(Cn3ccnc3)cn2)cc1
SMILES_446,N#Cc1ccc(-c2ccc(Cn3ccnc3)cn2)cc1
SMILES_447,Fc1ccccc1-c1ccc(Cn2ccnc2)cn1
SMILES_448,Fc1ccccc1-c1ccc(Cn2ccnc2)cn1
SMILES_449,COc1ccccc1-c1ccc(Cn2ccnc2)cn1
SMILES_450,N#Cc1ncccc1Cn1ccnc1
SMILES_451,C=CCC1(c2ccc(C)cc2)C(=O)NC(=O)N(C)C1=O
SMILES_452,c1coc(-c2ccc(Cn3ccnc3)cn2)c1
SMILES_453,c1ccc(-c2cc(Cn3ccnc3)cnc2-c2ccccc2)cc1
SMILES_454,CCOC(=O)c1cn(-c2ccc(C)cc2C)c(-c2ccc(C)cc2)n1
SMILES_455,CCOC(=O)c1cn(-c2ccc(C)cc2C)c(-c2ccc(C)cc2)n1
SMILES_456,c1ccc(-c2cc(Cn3ccnc3)cs2)cc1
SMILES_457,CCOC(=O)c1c(-c2ccccc2)c(-c2ccc(C)cc2)n1C
SMILES_458,O=C1CCc2cc(C(c3cccc(F)c3)n3ccnc3)cc3c2N1CC3
SMILES_459,Cc1c(C)c(C)c(Cn2ccnc2)c(C)c1C
SMILES_460,CCOC(=O)c1cn(-c2ccc(C)cc2C)c(-c2ccc([N](=O)[O-])cc2)n1
SMILES_461,C=CCC1(c2cccc3ccccc23)C(=O)NC(=O)N(C)C1=O
SMILES_462,c1cncc(Cn2ccnc2)c1
SMILES_463,C=CCC1(c2ccc3ccccc32)C(=O)NC(=O)N(C)C1=O
SMILES_464,c1ccc(-c2ccc(Cn3ccnc3)o2)cc1
SMILES_465,c1ccc(-c2cccc(Cn3cnc4ccccc43)c2)cc1
SMILES_466,Fc1ccc(-c2ccc(Cn3ccnc3)cn2)cc1
SMILES_467,Cc1cn(-c2ccccc2)c(-c2ccccc2)n1
SMILES_468,CC(c1cc2c3c(c1)CCN3C(=O)CC2)n1ccnc1
SMILES_469,O=C1CCc2cc(C(c3ccccc3)n3ccnc3)cc3c2N1CC3
SMILES_470,Cc1cccc(Cn2ccnc2)c1
SMILES_471,c1cncc(-c2ccc(Cn3ccnc3)cn2)c1
SMILES_472,N#Cc1cccc(C(c2cc3c4c(c2)CCN4C(=O)CC3)n2ccnc2)c1
SMILES_473,Cc1cc(C)c(Cn2cnc3ccccc32)c(C)c1
SMILES_474,CCOC(=O)c1cn(-c2ccc(C)cc2C)c(-c2ccc(C)cc2)n1
SMILES_475,c1cc(Cn2ccnc2)ccn1
SMILES_476,N=[N]=CC(F)(F)F
SMILES_477,Cc1cc(C)c(Cn2cnc3ccccc32)c(C)c1
SMILES_478,CCOC(=O)c1cn(-c2ccccc2)c(-c2ccc(C)cc2)n1
SMILES_479,c1ccc(-c2ccc(Cn3cnc4ccccc43)cc2)cc1
SMILES_480,c1cn(Cc2ccc(-c3ccoc3)nc2)cn1
SMILES_481,C=CCC1(c2ccc(C(C)(C)C)cc2)C(=O)NC(=O)N(C)C1=O
SMILES_482,Cc1cc(C2CC3CCC(C2)N3C(=O)CC2CCCO2)cc(C)c1C
SMILES_483,Fc1cccc(-c2ccc(Cn3ccnc3)cn2)c1
SMILES_484,Fc1ccccc1-c1ccc(Cn2ccnc2)cn1
SMILES_485,COc1ccccc1-c1ccc(Cn2ccnc2)cn1
SMILES_486,Cc1ccc(-c2ccc(Cn3ccnc3)cn2)cn1
SMILES_487,c1ccc(C(CCn2ccnc2)(c2ccccc2)c2ccccc2)cc1
SMILES_488,N#Cc1ncccc1Cn1ccnc1
SMILES_489,N#Cc1ccc(-c2ccc(Cn3ccnc3)cn2)cc1
SMILES_490,Cc1cc(C)cc(Cn2cnc3ccccc32)c1
SMILES_491,c1ccc2c(-c3ccc(Cn4ccnc4)cn3)cncc2c1
SMILES_492,c1ccc(-c2ccc(Cn3ccnc3)o2)cc1
SMILES_493,Cc1cccc(Cn2ccnc2)c1
SMILES_494,C=CCC1(c2ccccc2)C(=O)NC(=O)N(C)C1=O
SMILES_495,CC(c1cc2c3c(c1)CCN3C(=O)CC2)n1ccnc1
SMILES_496,COc1ccccc1-c1ccc(Cn2ccnc2)cn1
SMILES_497,CCOC(=O)c1cn(-c2ccccc2)c(-c2ccc([N](=O)[O-])cc2)n1
SMILES_498,CCOC(=O)c1cn(-c2ccc(C)cc2C)c(-c2ccc()cc2)n1
SMILES_499,FC(F)(C(C))C1N=N1
SMILES_500,C=CCC1(c2ccccc2)C(=O)NC(=O)N(C)C1=O
SMILES_501,FC(F)(F)C1()N=N1
SMILES_502,CC(c1cc2c3c(c1)CCN3C(=O)CC2)n1ccnc1
SMILES_503,c1ccc(-c2ccc(Cn3ccnc3)s2)cc1
SMILES_504,FC(F)(F)C1()N=N1
SMILES_505,CCOC(=O)c1cn(-c2ccc(C)cc2C)c(-c2ccc(C)cc2)n1
SMILES_506,O=C1CCc2cc(C(C3CCC3)n3ccnc3)cc3c2N1CC3
SMILES_507,O=Cc1ccc(-c2ccc(Cn3ccnc3)cn2)cc1
SMILES_508,O=C1CCc2cc(C(c3ccccc3)n3ccnc3)cc3c2N1CC3
SMILES_509,O=C1CCc2cc(C(c3ccccc3F)n3ccnc3)cc3c2N1CC3
SMILES_510,c1ccc(-c2ccc(Cn3ccnc3)s2)cc1
SMILES_511,FC1(C(F)(F)C(C))N=N1
SMILES_512,N#Cc1ncccc1Cn1ccnc1
SMILES_513,C=CCC1(c2ccc(C(C)(C)C)cc2)C(=O)NC(=O)N(C)C1=O
SMILES_514,c1ccc(-c2ccc(Cn3ccnc3)o2)cc1
SMILES_515,CC(c1cc2c3c(c1)CCN3C(=O)CC2)n1ccnc1
SMILES_516,Cc1c(C(C)(C)C)c(=O)cn(-c2ccccc2)c1C
SMILES_517,CCOC(=O)c1cn(-c2ccc(C)cc2C)c(-c2ccc(OC)cc2)n1
SMILES_518,CCOC(=O)c1cn(-c2ccc(C)cc2C)c(-c2ccc(NC(C)=O)cc2)n1
SMILES_519,Cc1ccc(-c2ccc(Cn3ccnc3)cn2)s1
SMILES_520,Cc1c(C)c(C)c(Cn2cnc3ccccc32)c(C)c1C
SMILES_521,Nc1ccccc1-c1ccc(Cn2ccnc2)cn1
SMILES_522,Cc1ccccc1Cn1cnc2ccccc21
SMILES_523,O=Cc1ccc(-c2ccc(Cn3ccnc3)cn2)s1
SMILES_524,c1ccc(-c2ccccc2Cn2ccnc2)cc1
SMILES_525,c1coc(-c2cc(Cn3ccnc3)cnc2-c2ccco2)c1
SMILES_526,CCOC(=O)c1cn(-c2ccccc2)c(-c2ccc(C)cc2)n1
SMILES_527,CCOC(=O)c1cn(-c2ccccc2)c(-c2ccccc2)n1
SMILES_528,CCOC(=O)c1cn(-c2ccccc2)c(-c2ccc(NC(C)=O)cc2)n1
SMILES_529,Fc1cccc(-c2ccc(Cn3ccnc3)cn2)c1
SMILES_530,O=C1CCc2cc(C(C3CCC3)n3ccnc3)cc3c2N1CC3
SMILES_531,CCOC(=O)c1cn(-c2ccc(C)cc2C)c(-c2ccc(OC)cc2)n1
SMILES_532,COc1ccc(-c2ccc(Cn3ccnc3)cn2)cc1OC
SMILES_533,CCOC(=O)c1cn(-c2ccccc2)c(-c2ccc(C)cc2)n1
SMILES_534,c1cn(CC23CC4CC(CC(C4)C2)C3)cn1
SMILES_535,O=C1CCc2cc(C(c3ccccc3S)n3ccnc3)cc3c2N1CC3
SMILES_536,CCOC(=O)c1cn(-c2ccc(C)cc2C)c(-c2ccc(C)cc2)n1
SMILES_537,c1coc(-c2ccc(Cn3ccnc3)cn2)c1
SMILES_538,Oc1ccc(-c2ccc(Cn3ccnc3)cn2)cc1F
SMILES_539,c1ccc(C(c2ccccc2)(c2ccccc2)n2ccnc2)cc1
SMILES_540,Cc1cc(C)c(Cn2ccnc2)c(C)c1
SMILES_541,c1ccc(Cn2ccnc2)cc1
SMILES_542,Cc1ccc(Cn2ccnc2)cc1
SMILES_543,C=CCC1(c2ccccc2)C(=O)NC(=O)N(C)C1=O
SMILES_544,c1ccc(-c2cccc(Cn3ccnc3)c2)cc1
SMILES_545,C=CCC1(c2ccccc2)C(=O)NC(=O)N(C)C1=O
SMILES_546,c1ccc(-c2ccc(Cn3ccnc3)cc2)cc1
SMILES_547,c1cn(Cc2ccc(-c3ccoc3)nc2)cn1
SMILES_548,CCOC(=O)c1cn(-c2ccccc2)c(-c2ccc([N](=O)[O-])cc2)n1
SMILES_549,Cc1cccc(Cn2cnc3ccccc32)c1
SMILES_550,Fc1cccc(-c2ccc(Cn3ccnc3)cn2)c1
SMILES_551,Cc1cn(-c2ccccc2)c(-c2ccccc2)n1
SMILES_552,Fc1ccccc1-c1ccc(Cn2ccnc2)cn1
SMILES_553,c1ccc(-c2ccc(Cn3ccnc3)cn2)cc1
SMILES_554,c1ccc(-c2cccc(Cn3cnc4ccccc43)c2)cc1
SMILES_555,c1ccc(-c2cccc(Cn3ccnc3)c2)cc1
SMILES_556,CCOC(=O)c1cn(-c2ccccc2)c(-c2ccc(C)cc2)n1
SMILES_557,Cc1c(C)c(C)c(Cn2cnc3ccccc32)c(C)c1C
SMILES_558,N#Cc1cccc(C(c2cc3c4c(c2)CCN4C(=O)CC3)n2ccnc2)c1
SMILES_559,N#Cc1ccc(-c2ccc(N3CC(=O)CC3)cc2)cc1
SMILES_560,O=C1CCc2cc(C(c3ccco3)n3ccnc3)cc3c2N1CC3
SMILES_561,FC(C)C(F)(F)C1(F)N=N1
SMILES_562,c1ccc2c(-c3ccc(Cn4ccnc4)cn3)cncc2c1
SMILES_563,Fc1ccc(-c2ccc(Cn3ccnc3)cn2)cc1
SMILES_564,c1ccc(-c2ccc(Cn3ccnc3)o2)cc1
SMILES_565,Fc1ccc(-c2ccc(Cn3cnc4ccccc43)cn2)cc1
SMILES_566,c1ccn(-c2ccccc2)c1
SMILES_567,CC(c1cc2c3c(c1)CCN3C(=O)CC2)(n1ccnc1)n1ccnc1
SMILES_568,c1ccc(-c2cccc(Cn3ccnc3)c2)cc1
SMILES_569,c1ccc2c(-c3ccc(Cn4ccnc4)cn3)cccc2c1
SMILES_570,FC1(C(F)(F)C(C))N=N1
SMILES_571,CC(c1cc2c3c(c1)CCN3C(=O)CC2)n1ccnc1
SMILES_572,C=CCC1(c2ccccc2)C(=O)NC(=O)N(C)C1=O
SMILES_573,c1ccc(-c2ccc(Cn3ccnc3)o2)cc1
SMILES_574,O=C1CCc2cc(C(c3ccccc3)n3ccnc3)cc3c2N1CC3
SMILES_575,Cc1ccc(Cn2ccnc2)cc1
SMILES_576,CCOC(=O)c1cn(-c2ccccc2)c(-c2ccc(OC)cc2)n1
SMILES_577,Cc1ccc(Cn2ccnc2)cc1
SMILES_578,CCOC(=O)c1cn(-c2ccccc2)c(-c2ccc(N)cc2)n1
SMILES_579,COc1ccccc1-c1ccc(Cn2ccnc2)cn1
SMILES_580,C=CCC1(c2cccc(C(C)(C)C)c2)C(=O)NC(=O)N(C)C1=O
SMILES_581,Fc1ccccc1Cn1cnc2ccc(C)cc21
SMILES_582,c1ccc2c(-c3ccc(Cn4ccnc4)cn3)cccc2c1
SMILES_583,c1ccc2c(-c3cccnc3)cncc2c1
SMILES_584,CCOC(=O)c1cn(-c2ccc(C)cc2C)c(-c2ccc(NC(C)=O)cc2)n1
SMILES_585,CCOC(=O)c1cn(-c2ccccc2)c(-c2ccc()cc2)n1
SMILES_586,COc1ccccc1C(c1cc2c3c(c1)CCN3C(=O)CC2)n1ccnc1
SMILES_587,N#Cc1ccc(-c2ccc(Cn3ccnc3)cn2)cc1
SMILES_588,c1cncc(Cn2ccnc2)c1
SMILES_589,CC(C)c1ccc(-c2ccc(Cn3ccnc3)cn2)cc1
SMILES_590,Cc1cc(C)cc(Cn2cnc3ccccc32)c1
SMILES_591,C=CCC1(c2cccc(C)c2)C(=O)NC(=O)N(C)C1=O
SMILES_592,c1ccc(-c2cc(Cn3ccnc3)cc(-c3ccccc3)c2)cc1
SMILES_593,c1ccc(C(Cn2cnc3ccccc32)(c2ccccc2)c2ccccc2)cc1
SMILES_594,O=C1C(c2ccc(C)cc2)C(=O)N(N(CCO)C(=O)c2ccccc2)C(=O)N1Cc1ccccc1
SMILES_595,Cc1cccc(Cn2ccnc2)c1
SMILES_596,Oc1ccc(-c2ccc(Cn3ccnc3)cn2)cc1F
SMILES_597,Nc1ccc(-c2ccc(Cn3ccnc3)cn2)cc1
SMILES_598,Cc1ccc(-c2ccc(Cn3ccnc3)cn2)cn1
SMILES_599,Cc1c(C)c(C)c(Cn2ccnc2)c(C)c1C
SMILES_600,c1ccc(Cn2ccnc2)cc1
SMILES_601,Cc1ccccc1Oc1ccc(C(c2ccccc2)n2ccnc2)cc1
SMILES_602,Cc1c(C)c(C)c(Cn2ccnc2)c(C)c1C
SMILES_603,CCOC(=O)c1cn(-c2ccccc2)c(-c2ccc(N)cc2)n1
SMILES_604,CCOC(=O)c1cn(-c2ccc(C)cc2C)c(-c2ccc(NC(C)=O)cc2)n1
SMILES_605,CCCC(c1cc2c3c(c1)CCN3C(=O)CC2)n1ccnc1
SMILES_606,c1ccc(C(c2ccccc2)(c2ccccc2)n2cnc3ccccc32)cc1
SMILES_607,Fc1ccc(-c2ccc(Cn3ccnc3)cn2)cc1
SMILES_608,CCN(CC)C(=O)c1ccc(Cn2ccnc2)cc1
SMILES_609,c1cn(CC23CC4CC(CC(C4)C2)C3)cn1
SMILES_610,Cc1cc(C)cc(Cn2cnc3ccccc32)c1
SMILES_611,CCOC(=O)c1cn(-c2ccccc2)c(-c2ccc()cc2)n1
SMILES_612,CC(c1cc2c3c(c1)CCN3C(=O)CC2)n1ccnc1
SMILES_613,C=CCC1(c2ccccc2)C(=O)NC(=O)N(C)C1=O
SMILES_614,CCC(c1cc2c3c(c1)CCN3C(=O)CC2)n1ccnc1
SMILES_615,c1ccc(-c2cc(Cn3ccnc3)cs2)cc1
SMILES_616,Cc1ccc(-c2cccc(Cn3ccnc3)c2)cc1N
SMILES_617,CC(c1cc2c3c(c1)CCN3C(=O)CC2)(n1ccnc1)n1ccnc1
SMILES_618,N#Cc1ccc(C(c2cc3c4c(c2)CCN4C(=O)CC3)n2ccnc2)cc1
SMILES_619,O=C1CCc2cc(C(c3ccccc3)n3ccnc3)cc3c2N1CC3
SMILES_620,Fc1cccc(-c2ccc(Cn3ccnc3)cn2)c1
SMILES_621,O=C1CCc2cc(C(c3ccccc3S)n3ccnc3)cc3c2N1CC3
SMILES_622,O=C1CCc2cc(C(c3cccc(F)c3)n3ccnc3)cc3c2N1CC3
SMILES_623,C=CCC1(c2cccc(C)c2)C(=O)NC(=O)N(C)C1=O
SMILES_624,Nc1cccc(-c2ccncc2)c1
SMILES_625,c1ccc(-c2ccc(Cn3ccnc3)o2)cc1
SMILES_626,Cc1ccc(Cn2ccnc2)cc1
SMILES_627,Cc1ccccc1Cn1ccnc1
SMILES_628,Cc1ccc(-c2ccc(Cn3ccnc3)cn2)s1
SMILES_629,Cc1ccc(Cn2cnc3ccccc32)cc1
SMILES_630,Fc1ccccc1-c1ccc(Cn2ccnc2)cn1
SMILES_631,Cc1cc(C)c(Cn2cnc3ccccc32)c(C)c1
SMILES_632,CCOC(=O)c1cn(-c2ccc(C)cc2C)c(-c2ccccc2)n1
SMILES_633,O=C1CCc2cc(C(c3ccccc3)n3ccnc3)cc3c2N1CC3
SMILES_634,CCOC(=O)c1cn(-c2ccc(C)cc2C)c(-c2ccc(NC(C)=O)cc2)n1
SMILES_635,C=CCC1(c2ccc(C(C)(C)C)cc2)C(=O)NC(=O)N(C)C1=O
SMILES_636,CC(c1cc2c3c(c1)CCN3C(=O)CC2)n1ccnc1
SMILES_637,C=CCC1(c2ccccc2)C(=O)NC(=O)N(C)C1=O
SMILES_638,Fc1ccccc1-c1ccc(Cn2ccnc2)cn1
SMILES_639,c1ccc(-c2cc(Cn3ccnc3)cc(-c3ccccc3)c2)cc1
SMILES_640,FC(C)C(F)(F)C1(F)N=N1
SMILES_641,Nc1ccccc1-c1ccc(Cn2ccnc2)cn1
SMILES_642,CCCCCn1cccnc1
SMILES_643,c1ccc(-c2cc(Cn3ccnc3)cnc2-c2cccs2)cc1
SMILES_644,c1cn(Cc2cc3ccccc3nc2)cn1
SMILES_645,c1ccc(-c2cc(Cn3ccnc3)cnc2-c2ccccc2)cc1
SMILES_646,Cc1cc(C)cc(Cn2cnc3ccccc32)c1
SMILES_647,N#Cc1cccc(C(c2cc3c4c(c2)CCN4C(=O)CC3)n2ccnc2)c1
SMILES_648,Fc1ccc(-c2ccc(Cn3ccnc3)cn2)cc1C
SMILES_649,FC(C)C(F)(F)C1(F)N=N1
SMILES_650,Cc1ccccc1-c1ccc(Cn2ccnc2)cn1
SMILES_651,c1ccc(-c2ccc(Cn3ccnc3)s2)cc1
SMILES_652,c1ccc2cc(-c3ccncc3Cn3ccnc3)ncc2c1
SMILES_653,c1ccc2cc(-c3ccncc3Cn3ccnc3)ncc2c1
SMILES_654,CCOC(=O)c1cn(-c2ccccc2)c(-c2ccc(C)cc2)n1
SMILES_655,O=C1CCc2cc(C(c3ccncc3)n3ccnc3)cc3c2N1CC3
SMILES_656,C=CCC1(c2cccc3ccccc23)C(=O)NC(=O)N(C)C1=O
SMILES_657,FC(F)(C(C))C1N=N1
SMILES_658,c1ccc(C(CCn2ccnc2)(c2ccccc2)c2ccccc2)cc1
SMILES_659,Cc1ccc(Cn2ccnc2)cc1
SMILES_660,CCOC(=O)c1cn(-c2ccccc2)c(-c2ccc(OC)cc2)n1
SMILES_661,Cc1c(C)c(C)c(Cn2cnc3ccccc32)c(C)c1C
SMILES_662,Nc1cccc(-c2ccc(Cn3ccnc3)cn2)c1
SMILES_663,CCOC(=O)c1cn(-c2ccccc2)c(-c2ccc(C)cc2)n1
SMILES_664,COc1ccccc1-c1ccc(Cn2ccnc2)cn1
SMILES_665,c1ccc(-c2ccc(Cn3ccnc3)cn2)cc1
SMILES_666,O=C1CCc2cc(C(C3CC3)n3ccnc3)cc3c2N1CC3
SMILES_667,Cc1cc(C)cc(Cn2ccnc2)c1
SMILES_668,O=C1CCc2cc(C(c3ccccc3)n3ccnc3)cc3c2N1CC3
SMILES_669,O=C1CCc2cc(C(c3ccccc3F)n3ccnc3)cc3c2N1CC3
SMILES_670,CCOC(=O)c1cn(-c2ccccc2)c(-c2ccc()cc2)n1
SMILES_671,Nc1cccc(-c2ccc(Cn3ccnc3)cn2)c1
SMILES_672,Fc1ccc(-c2ccc(Cn3ccnc3)cn2)cc1
SMILES_673,N#Cc1ccc(C(c2cc3c4c(c2)CCN4C(=O)CC3)n2ccnc2)cc1
SMILES_674,c1cncc(-c2ccc(Cn3ccnc3)cn2)c1
SMILES_675,O=Cc1ccc(-c2ccc(Cn3ccnc3)cn2)cc1
SMILES_676,Cc1ccccc1Cn1cnc2ccccc21
SMILES_677,N#Cc1ncccc1Cn1ccnc1
SMILES_678,c1cn(Cc2ccc(-c3cncnc3)nc2)cn1
SMILES_679,c1cncc(Cn2ccnc2)c1
SMILES_680,[1]N([2])C(=O)c1cn(-c2ccccc2)c(-c2ccc(C)cc2)n1
SMILES_681,CCOC(=O)c1cn(-c2ccccc2)c(-c2ccc(N)cc2)n1
SMILES_682,Cc1ccc(Cn2ccnc2)cc1
SMILES_683,CC(c1cc2c3c(c1)CCN3C(=O)CC2)n1ccnc1
SMILES_684,Cc1ncc(Cn2ccnc2)cc1-c1cc2ccccc2cn1
SMILES_685,Cc1ccc(Cn2ccnc2)cc1
SMILES_686,Cn1cncc1Cn1ccnc1
SMILES_687,CC(c1cc2c3c(c1)CCN3C(=O)CC2)(n1ccnc1)n1ccnc1
SMILES_688,O=C1CCc2cc(C(c3ccco3)n3ccnc3)cc3c2N1CC3
SMILES_689,c1cncc(Cn2ccnc2)c1
SMILES_690,Nc1ccc(-c2ccc(Cn3ccnc3)cn2)cc1
SMILES_691,c1ccc(-c2ccc(Cn3ccnc3)s2)cc1
SMILES_692,CCOC(=O)c1cn(-c2ccc(C)cc2C)c(-c2ccc(N)cc2)n1
SMILES_693,c1ccc(-c2ccc(Cn3ccnc3)cn2)cc1
SMILES_694,c1cn(CC23CC4CC(CC(C4)C2)C3)cn1
SMILES_695,c1ccc(C(CCn2ccnc2)(c2ccccc2)c2ccccc2)cc1
SMILES_696,Cc1c(C)c(C)c(Cn2ccnc2)c(C)c1C
SMILES_697,c1cc(Cn2ccnc2)ccn1
SMILES_698,[n1ccnc1
SMILES_699,Cc1c(C)c(C)c(Cn2cnc3ccccc32)c(C)c1C
SMILES_700,c1ccc(-c2cc(Cn3ccnc3)cc(-c3ccccc3)c2)cc1
SMILES_701,Cc1ccc(Cn2ccnc2)cc1
SMILES_702,Fc1cccc(-c2ccc(Cn3ccnc3)cn2)c1
SMILES_703,c1coc(-c2cc(Cn3ccnc3)cnc2-c2ccco2)c1
SMILES_704,Cc1cc(C)cc(Cn2cnc3ccccc32)c1
SMILES_705,c1ccc(-c2cc(Cn3ccnc3)cnc2-c2ccccc2)cc1
SMILES_706,c1ccc(-c2ccccc2Cn2ccnc2)cc1
SMILES_707,c1cncc(Cn2ccnc2)c1
SMILES_708,c1ccc(-c2cc(Cn3cnc4ccccc43)cc(-c3ccccc3)c2)cc1
SMILES_709,O=C1CCc2cc(C(c3ccccc3)n3ccnc3)cc3c2N1CC3
SMILES_710,c1ccc(-c2cc(Cn3ccnc3)cs2)cc1
SMILES_711,c1cncc(Cn2ccnc2)c1
SMILES_712,c1ccc(-c2cc(Cn3ccnc3)cs2)cc1
SMILES_713,c1ccc(-c2cccc(Cn3ccnc3)c2)cc1
SMILES_714,c1ccc2cc(-c3ccc(Cn4ccnc4)cn3)ncc2c1
SMILES_715,N#Cc1ccc(C(c2cc3c4c(c2)CCN4C(=O)CC3)n2ccnc2)cc1
SMILES_716,c1cncc(Cn2ccnc2)c1
SMILES_717,c1ccc2cc(-c3ccc(Cn4ccnc4)cn3)ccc2c1
SMILES_718,c1cn(Cc2ccc(-c3cncnc3)nc2)cn1
SMILES_719,Cc1c(C)c(C)c(Cn2cnc3ccccc32)c(C)c1C
SMILES_720,CCOC(=O)c1cn(-c2ccc(C)cc2C)c(-c2ccc(OC)cc2)n1
SMILES_721,CC(c1cc2c3c(c1)CCN3C(=O)CC2)n1ccnc1
SMILES_722,N=[N]=CC(F)(F)F
SMILES_723,N=[N]=CC(F)(F)F
SMILES_724,c1cc(Cn2ccnc2)ccn1
SMILES_725,c1cn(Cc2ccc(-c3ccoc3)nc2)cn1
SMILES_726,CCOC(=O)c1cn(-c2ccccc2)c(-c2ccc()cc2)n1
SMILES_727,COc1ccc(-c2ccc(Cn3ccnc3)cn2)cc1
SMILES_728,O=C1CCc2cc(C(c3ccccc3)n3ccnc3)cc3c2N1CC3
SMILES_729,Cc1cc(C)cc(Cn2cnc3ccccc32)c1
SMILES_730,CCOC(=O)c1cn(-c2ccccc2)c(-c2ccc(C)cc2)n1
SMILES_731,Fc1ccccc1-c1ccc(Cn2ccnc2)cn1
SMILES_732,CCOC(=O)c1cn(-c2ccccc2)c(-c2ccc(C)cc2)n1
SMILES_733,CCOC(=O)c1cn(-c2ccccc2)c(-c2ccc(C)cc2)n1
SMILES_734,c1cc(Cn2ccnc2)ccn1
SMILES_735,c1cncc(-c2ccc(Cn3ccnc3)cn2)c1
SMILES_736,O=C1CCc2cc(C(c3ccccc3S)n3ccnc3)cc3c2N1CC3
SMILES_737,CC(c1cc2c3c(c1)CCN3C(=O)CC2)n1ccnc1
SMILES_738,CCOC(=O)c1cn(-c2ccccc2)c(-c2ccc(OC)cc2)n1
SMILES_739,c1ccc(C(CCn2ccnc2)(c2ccccc2)c2ccccc2)cc1
SMILES_740,CC(C)C(c1cc2c3c(c1)CCN3C(=O)CC2)n1ccnc1
SMILES_741,CCOC(=O)c1cn(-c2ccc(C)cc2C)c(-c2ccc([N](=O)[O-])cc2)n1
SMILES_742,c1ccc2c(-c3ccc(Cn4ccnc4)cn3)cncc2c1
SMILES_743,c1cnccc1-c1ccc(Cn2ccnc2)cn1
SMILES_744,c1ccc2cc(-c3ccc(Cn4ccnc4)cn3)ccc2c1
SMILES_745,CC(c1cc2c3c(c1)CCN3C(=O)CC2)n1ccnc1
SMILES_746,CCC1(c2ccc(C(C)(C)C)cc2)C(=O)NC(=O)N(C)C1=O
SMILES_747,c1cncc(-c2ccc(Cn3ccnc3)cn2)c1
SMILES_748,c1ccc(C(Cn2cnc3ccccc32)(c2ccccc2)c2ccccc2)cc1
SMILES_749,N=[N]=CC(F)(F)F
SMILES_750,c1coc(-c2ccc(Cn3ccnc3)cn2)c1
SMILES_751,C=CCC1(c2ccc(C)cc2)C(=O)NC(=O)N(C)C1=O
SMILES_752,N=[N]=NC(F)(F)C(F)C
SMILES_753,c1cncc(Cn2ccnc2)c1
SMILES_754,C=CCC1(c2ccc(C)cc2)C(=O)NC(=O)N(C)C1=O
SMILES_755,Cc1ccc(-c2ccc(Cn3ccnc3)cn2)cn1
SMILES_756,CC(c1cc2c3c(c1)CCN3C(=O)CC2)n1ccnc1
SMILES_757,S=C1CCc2cc(C(c3ccccc3)n3ccnc3)cc3c2N1CC3
SMILES_758,c1cc(-c2ccc(Cn3ccnc3)cn2)ccn1
SMILES_759,c1cn(Cc2ccc(-c3ccoc3)nc2)cn1
SMILES_760,Cc1cc(C)c(Cn2ccnc2)c(C)c1
SMILES_761,N#Cc1ccc(-c2ccc(Cn3ccnc3)cn2)cc1
SMILES_762,Cc1ccc(Cn2cnc3ccccc32)cc1
SMILES_763,COc1cccc(C(c2cc3c4c(c2)CCN4C(=O)CC3)n2ccnc2)c1
SMILES_764,Cc1c(C)c(C)c(Cn2ccnc2)c(C)c1C
SMILES_765,c1ccc(C(Cc2ccccc2)(c2ccccc2)n2cnc3ccccc32)cc1
SMILES_766,c1ccc(-c2cc(Cn3ccnc3)cs2)cc1
SMILES_767,O=Cc1ccc(-c2ccc(Cn3ccnc3)cn2)cc1
SMILES_768,Cc1ccccc1Cn1cnc2ccccc21
SMILES_769,O=C1CCc2cc(C(c3cccnc3)n3ccnc3)cc3c2N1CC3
SMILES_770,N#Cc1ccc(-c2ccc(Cn3ccnc3)cn2)cc1
SMILES_771,Cc1ccc(Cn2ccnc2)cc1
SMILES_772,c1cn(Cc2ccc(-c3ccoc3)nc2)cn1
SMILES_773,c1cc(Cn2ccnc2)ccn1
SMILES_774,CCOC(=O)c1cn(-c2ccccc2)c(-c2ccc(NC(C)=O)cc2)n1
SMILES_775,Cc1ccc(Cn2cnc3ccccc32)cc1
SMILES_776,c1ccc(-c2ccc(Cn3ccnc3)cn2)cc1
SMILES_777,FC(F)(F)C1()N=N1
SMILES_778,CCOC(=O)c1cn(-c2ccc(C)cc2C)c(-c2ccc(C)cc2)n1
SMILES_779,Fc1ccc(-c2ccc(Cn3ccnc3)cn2)cc1
SMILES_780,FC(F)(F)C1()N=N1
SMILES_781,c1ccc(-c2ccc(Cn3cnc4ccccc43)cc2)cc1
SMILES_782,Cc1ccc(-c2ccc(Cn3ccnc3)cn2)s1
SMILES_783,c1ccc2c(-c3ccc(Cn4ccnc4)cn3)ccccc2c1
SMILES_784,Cc1cc(C)cc(Cn2cnc3ccccc32)c1
SMILES_785,c1ccc(-c2ccc(-c3cncnc3)cc2)cc1
SMILES_786,CCOC(=O)c1cn(-c2ccc(C)cc2C)c(-c2ccc(N)cc2)n1
SMILES_787,O=C1CCc2cc(C(c3ccccc3F)n3ccnc3)cc3c2N1CC3
SMILES_788,Cc1c(C)c(C)c(Cn2cnc3ccccc32)c(C)c1C
SMILES_789,C=CCC1(c2cccc(C3(C(F)(F)F)N=N3)c2)C(=O)NC(=O)N(C)C1=O
SMILES_790,C=CCC1(c2ccc(C)cc2)C(=O)NC(=O)N(C)C1=O
SMILES_791,FC(F)(F)C1()N=N1
SMILES_792,Fc1cccc(-c2ccc(Cn3ccnc3)cn2)c1
SMILES_793,c1ccc(Cn2ccnc2)cc1
SMILES_794,O=C1CCc2cc(C(CC3CCC3)n3ccnc3)cc3c2N1CC3
SMILES_795,C=CCC1(c2ccccc2)C(=O)NC(=O)N(C)C1=O
SMILES_796,CCOC(=O)c1cn(-c2ccccc2)c(-c2ccc()cc2)n1
SMILES_797,c1ccc(C(CCn2ccnc2)(c2ccccc2)c2ccccc2)cc1
SMILES_798,c1cn(Cc2ccc(-c3cncnc3)cn2)cn1
SMILES_799,COc1cccc(C(c2cc3c4c(c2)CCN4C(=O)CC3)n2ccnc2)c1
SMILES_800,c1ccc2c(-c3ccc(Cn4ccnc4)cn3)cncc2c1
SMILES_801,CCOC(=O)c1cn(-c2ccccc2)c(-c2ccc(NC(C)=O)cc2)n1
SMILES_802,c1ccc2c(c1)ncn2CC12CC3CC(CC(C3)C1)C2
SMILES_803,O=C1CCc2cc(C(c3ccccc3)n3ccnc3)cc3c2N1CC3
SMILES_804,Cc1ccc(Cn2ccnc2)cc1
SMILES_805,Cc1cn(-c2ccc(Cn3ccnc3)cn2)c(-c2ccccc2)n1
SMILES_806,CCOC(=O)c1cn(-c2ccccc2)c(-c2ccc(C)cc2)n1
SMILES_807,O=C1CCc2cc(C(C3CCC3)n3ccnc3)cc3c2N1CC3
SMILES_808,c1ccc2c(-c3ccc(Cn4ccnc4)cn3)cncc2c1
SMILES_809,Nc1ccc(-c2ccc(Cn3ccnc3)cn2)cc1
SMILES_810,Cc1ccccc1Cn1ccnc1
SMILES_811,c1cncc(Cn2ccnc2)c1
SMILES_812,S=C1CCc2cc(C(c3cccc(F)c3)n3ccnc3)cc3c2N1CC3
SMILES_813,c1ccc(C(CCn2ccnc2)(c2ccccc2)c2ccccc2)cc1
SMILES_814,c1ccc(-c2ccc(Cn3ccnc3)cn2)cc1
SMILES_815,Cc1c(C)c(S(=O)(=O)c2ccccc2)c(C)c1C
SMILES_816,c1ccc(-c2ccc(Cn3ccnc3)o2)cc1
SMILES_817,CC(c1cc2c3c(c1)CCN3C(=O)CC2)n1ccnc1
SMILES_818,Cc1ccc(Cn2cnc3ccccc32)cc1
SMILES_819,CCOC(=O)c1cn(-c2ccc(C)cc2C)c(-c2ccc(NC(C)=O)cc2)n1
SMILES_820,c1cncc(-c2ccc(Cn3ccnc3)cn2)c1
SMILES_821,c1cncc(Cn2ccnc2)c1
SMILES_822,C=CCC1(c2cccc3ccccc23)C(=O)NC(=O)N(C)C1=O
SMILES_823,O=C1CCc2cc(C(c3ccccc3F)n3ccnc3)cc3c2N1CC3
SMILES_824,Cc1c(C)c(C)c(Cn2ccnc2)c(C)c1C
SMILES_825,Cc1ccc(Cn2cnc3ccccc32)cc1
SMILES_826,c1ccc(C(Cn2ccnc2)(c2ccccc2)c2ccccc2)cc1
SMILES_827,c1ccc(-c2ccc(Cn3ccnc3)cc2)cc1
SMILES_828,c1cn(Cc2ccccc2)cn1
SMILES_829,Cc1c(-c2ccc(Cn3ccnc3)cn2)cnc1N
SMILES_830,CCOC(=O)c1cn(-c2ccc(C)cc2C)c(-c2ccc(OC)cc2)n1
SMILES_831,c1ccc(C(CCn2ccnc2)(c2ccccc2)c2ccccc2)cc1
SMILES_832,CCC(c1cc2c3c(c1)CCN3C(=O)CC2)n1ccnc1
SMILES_833,c1ccc(-c2ccccc2Cn2ccnc2)cc1
SMILES_834,O=C1CCc2cc(C(c3ccccc3)n3ccnc3)cc3c2N1CC3
SMILES_835,N#Cc1ncccc1Cn1ccnc1
SMILES_836,CCOC(=O)c1cn(-c2ccccc2)c(-c2ccc(C)cc2)n1
SMILES_837,c1ccc(Cn2ccnc2)cc1
SMILES_838,Cc1ccccc1Cn1cnc2ccccc21
SMILES_839,COc1ccccc1-c1cccc(Cn2ccnc2)c1
SMILES_840,Cc1ccc(-c2nccn2-c2ccccc2)cc1
SMILES_841,c1ccc(Cn2ncc3ccccc32)cc1
SMILES_842,c1ccc2c(-c3ccc(Cn4ccnc4)cn3)cccc2c1
SMILES_843,FC(F)(F)C1()N=N1
SMILES_844,FC1(C(F)(F)C(C))N=N1
SMILES_845,C=CCC1(c2ccccc2)C(=O)NC(=O)N(C)C1=O
SMILES_846,Cc1ccc(Cn2ccnc2)cc1
SMILES_847,N#Cc1cccc(-c2ccc(Cn3ccnc3)cn2)c1
SMILES_848,Nc1ccc(C(c2cc3c4c(c2)CCN4C(=O)CC3)n2ccnc2)cc1
SMILES_849,c1cc(-c2cccc(Cn3ccnc3)c2)ccn1
SMILES_850,Cc1ccc(F)cc1Cn1ccnc1
SMILES_851,c1ccc(-c2ccc(Cn3ccnc3)o2)cc1
SMILES_852,COc1cccc(C(c2cc3c4c(c2)CCN4C(=O)CC3)n2ccnc2)c1
SMILES_853,c1ccc(-c2ccc(Cn3ccnc3)s2)cc1
SMILES_854,Cc1cccc(Cn2cnc3ccccc32)c1
SMILES_855,COc1ccc(Cn2ccnc2)cc1
SMILES_856,O=Cc1cn(-c2ccccc2)c(-c2ccc(OCc3ccccc3)cc2)n1
SMILES_857,Cc1ccc(Cn2cnc3ccccc32)cc1
SMILES_858,FC1(C(F)(F)C(C))C(=O)N=N1
SMILES_859,N#Cc1ccc(C(c2cc3c4c(c2)CCN4C(=O)CC3)n2ccnc2)cc1
SMILES_860,O=C1CCc2cc(C(c3ccccc3S)n3ccnc3)cc3c2N1CC3
SMILES_861,CCOC(=O)c1cn(-c2ccccc2)c(-c2ccc(NC(C)=O)cc2)n1
SMILES_862,Cc1ccc(-c2ccc(Cn3ccnc3)cn2)cc1N
SMILES_863,c1ccc(-c2ccc(Cn3ccnc3)o2)cc1
SMILES_864,N=[N]=NC(F)(F)C(F)C
SMILES_865,CC(O)Cn1ccc(Cn2ccnc2)c1
SMILES_866,CCOC(=O)c1cn(-c2ccc(C)cc2C)c(-c2ccc(C)cc2)n1
SMILES_867,N#Cc1cccc(C(c2ccc3c4c4c(c2)CCN4C(=O)CC3)n2ccnc2)c1
SMILES_868,N=[N]=CC(F)(F)F
SMILES_869,CCOC(=O)c1cn(-c2ccc(C)cc2C)c(-c2ccc(NC(C)=O)cc2)n1
SMILES_870,c1ccc(-c2ccc(Cn3ccnc3)s2)cc1
SMILES_871,c1coc(-c2cc(Cn3ccnc3)cnc2-c2ccco2)c1
SMILES_872,CCOC(=O)c1cn(-c2ccc(C)cc2C)c(-c2ccc(C)cc2)n1
SMILES_873,Cc1ccc(-c2ccc(Cn3ccnc3)cn2)cc1N
SMILES_874,O=C1CCc2cc(C(c3ccc(F)cc3)n3ccnc3)cc3c2N1CC3
SMILES_875,c1ccc(-c2cc(Cn3ccnc3)cnc2-c2ccccc2)cc1
SMILES_876,c1ccc2cc(-c3ccc(Cn4ccnc4)cn3)ccc2c1
SMILES_877,c1ccc(-c2ccc(Cn3ccnc3)cc2)cc1
SMILES_878,CCOC(=O)c1cn(-c2ccccc2)c(-c2ccc()cc2)n1
SMILES_879,c1ccc(-c2cccc(Cn3cnc4ccccc43)c2)cc1
SMILES_880,Fc1cccc(-c2ccc(Cn3ccnc3)cn2)c1
SMILES_881,Oc1ccc(-c2ccc(Cn3ccnc3)cn2)cc1F
SMILES_882,c1ccc(-c2ccc(Cn3ccnc3)cn2)cc1
SMILES_883,N=[N]=NC(F)(F)C(F)C
SMILES_884,c1ccc2c(-c3ccc(Cn4ccnc4)cn3)cncc2c1
SMILES_885,Nc1ccccc1-c1ccc(Cn2ccnc2)cn1
SMILES_886,C=CCC1(c2cccc3c4c(c2)CCN4C(=O)CC3)C(=O)NC(=O)N(C)C1=O
SMILES_887,c1ccc2c(-c3ccc(Cn4ccnc4)cn3)cncc2c1
SMILES_888,c1ccc(-c2ccc(Cn3ccnc3)cc2)cc1
SMILES_889,CCC(c1cc2c3c(c1)CCN3C(=O)CC2)n1ccnc1
SMILES_890,c1ccc(-c2cc(Cn3ccnc3)cc(-c3ccccc3)c2)cc1
SMILES_891,O=C1CCc2cc(C(C3CCC3)n3ccnc3)cc3c2N1CC3
SMILES_892,c1ccc(C(Cn2ccnc2)(c2ccccc2)c2ccccc2)cc1
SMILES_893,O=Cc1ccc(-c2ccc(Cn3ccnc3)cn2)cc1
SMILES_894,C=CCC1(c2ccc(C(C)(C)C)cc2)C(=O)NC(=O)N(C)C1=O
SMILES_895,CC(C)C(c1cc2c3c(c1)CCN3C(=O)CC2)n1ccnc1
SMILES_896,CC(c1cc2c3c(c1)CCN3C(=O)CC2)n1ccnc1
SMILES_897,CCOC(=O)c1cn(-c2ccccc2)c(-c2ccccc2)n1
SMILES_898,c1ccc2c(-c3ccc(Cn4ccnc4)cn3)cncc2c1
SMILES_899,c1ccc(C(c2ccccc2)(c2ccccc2)n2cnc3ccccc32)cc1
SMILES_900,Cc1ccc(Cn2cnc3ccccc32)cc1
SMILES_901,c1ccc(C(c2ccccc2)(c2ccccc2)n2ccnc2)cc1
SMILES_902,Fc1cccc(-c2ccc(Cn3ccnc3)cn2)c1
SMILES_903,c1cn(Cc2ccc(-c3ccoc3)nc2)cn1
SMILES_904,c1cncc(Cn2ccnc2)c1
SMILES_905,CCC(c1cc2c3c(c1)CCN3C(=O)CC2)n1ccnc1
SMILES_906,Cc1ccccc1Cn1cnc2ccccc21
SMILES_907,Cc1ccc(-c2ccc(Cn3ccnc3)cn2)cc1N
SMILES_908,c1ccc2cc(-c3ccncc3-c3ccsc3)ncc2c1
SMILES_909,CCOC(=O)c1cn(-c2ccccc2)c(-c2ccc(C)cc2)n1
SMILES_910,c1ccc2c(-c3ccc(Cn4ccnc4)cn3)cncc2c1
SMILES_911,c1cn(CC23CC4CC(CC(C4)C2)C3)cn1
SMILES_912,CC(c1cc2c3c(c1)CCN3C(=O)CC2)n1ccnc1
SMILES_913,N#Cc1ccc(C(c2cc3c4c(c2)CCN4C(=O)CC3)n2ccnc2)cc1
SMILES_914,Cc1ccccc1Cn1cnc2ccccc21
SMILES_915,Nc1ccccc1-c1ccc(Cn2ccnc2)cn1
SMILES_916,Cc1ccc(-c2ccc(Cn3ccnc3)cn2)cc1N
SMILES_917,Cc1ccc(-c2ccc(Cn3ccnc3)cn2)cc1N
SMILES_918,c1cc(Cn2ccnc2)ccn1
SMILES_919,c1ccc(-c2ccc(Cn3ccnc3)cc2)cc1
SMILES_920,CCOC(=O)c1cn(-c2ccc(C)cc2C)c(-c2ccc()cc2)n1
SMILES_921,NC1(c2ccc(C)c3ccccc23)C(=O)NC(=O)N(CCc2ccc(C)cc2)C1=O
SMILES_922,c1ccc(-c2cc(Cn3cnc4ccccc43)cc(-c3ccccc3)c2)cc1
SMILES_923,c1cncc(Cn2ccnc2)c1
SMILES_924,Oc1ccc(-c2ccc(Cn3ccnc3)cn2)cc1
SMILES_925,c1cncc(Cn2ccnc2)c1
SMILES_926,C=CCC1(c2ccccc2)C(=O)NC(=O)N(C)C1=O
SMILES_927,c1ccc(C(C3CCCN3)(c2ccccc2)n2ccnc2)cc1
SMILES_928,c1cncc(Cn2ccnc2)c1
SMILES_929,c1coc(-c2cc(Cn3ccnc3)cnc2-c2ccco2)c1
SMILES_930,Cc1ccccc1Cn1cnc2ccccc21
SMILES_931,CCOC(=O)c1cn(-c2ccccc2)c(-c2ccc([N](=O)[O-])cc2)n1
SMILES_932,c1ccc(C(c2ccccc2)(c2ccccc2)n2ccnc2)cc1
SMILES_933,c1ccc2c(-c3ccc(Cn4ccnc4)cn3)cccc2c1
SMILES_934,N#Cc1cccc(-c2ccc(Cn3ccnc3)cn2)c1
SMILES_935,O=C1CCc2cc(C(c3ccc(C)cc3)n3ccnc3)cc3c2N1CC3
SMILES_936,c1coc(-c2ccc(Cn3ccnc3)cn2)c1
SMILES_937,Cc1ccc(-c2ccc(Cn3ccnc3)cn2)cn1
SMILES_938,CCOC(=O)c1cn(-c2ccccc2)c(-c2ccccc2)n1
SMILES_939,CCOC(=O)c1cn(-c2ccccc2)c(-c2ccc(C)cc2)n1
SMILES_940,FC1(C(F)(F)C(C))N=N1
SMILES_941,Cc1cccc(Cn2ccnc2)c1
SMILES_942,c1cncc(-c2ccc(Cn3ccnc3)cn2)c1
SMILES_943,Cc1ccccc1Cn1cnc2ccccc21
SMILES_944,O=C1CCc2cc(C(c3ccccc3S)n3ccnc3)cc3c2N1CC3
SMILES_945,C=CCC1(c2cccc(C3(C(F)(F)F)N=N3)c2)C(=O)NC(=O)N(C)C1=O
SMILES_946,CCOC(=O)c1cn(-c2ccccc2)c(-c2ccc(C)cc2)n1
SMILES_947,Oc1cccc(-c2ccc(Cn3ccnc3)cn2)c1
SMILES_948,c1cn(CC23CC4CC(CC(C4)C2)C3)cn1
SMILES_949,CCOC(=O)c1cn(-c2ccc(C)cc2C)c(-c2ccc([N](=O)[O-])cc2)n1
SMILES_950,CCOC(=O)c1cn(-c2ccccc2)c(-c2ccccc2)n1
SMILES_951,c1cc(Cn2ccnc2)ccn1
SMILES_952,c1ccc(C(c2ccccc2)(c2ccccc2)n2ccnc2)cc1
SMILES_953,c1cncc(-c2cccc(Cn3ccnc3)c2)c1
SMILES_954,Cc1ccc(Cn2cnc3ccccc32)cc1
SMILES_955,Cc1ccc(Cn2cnc3ccccc32)cc1
SMILES_956,CCOC(=O)c1cn(-c2ccccc2)c(-c2ccccc2)n1
SMILES_957,Nc1ccccc1-c1ccc(Cn2ccnc2)cn1
SMILES_958,Fc1cccc(-c2ccc(Cn3ccnc3)cn2)c1
SMILES_959,N=[N]=CC(F)(F)F
SMILES_960,c1ccc(C(c2ccccc2Cn2ccnc2)(c2ccccc2)c2ccccc2)cc1
SMILES_961,O=C1CCc2cc(C(c3ccccc3S)n3ccnc3)cc3c2N1CC3
SMILES_962,FC(F)(F)C1()N=N1
SMILES_963,CCOC(=O)c1cn(-c2ccc(C)cc2C)c(-c2ccc()cc2)n1
SMILES_964,O=C1CCc2cc(C(c3cccc(F)c3)n3ccnc3)cc3c2N1CC3
SMILES_965,Nc1ccccc1-c1ccc(Cn2ccnc2)cn1
SMILES_966,c1cncc(Cn2ccnc2)c1
SMILES_967,c1ccc2c(-c3ccc(Cn4ccnc4)cn3)cncc2c1
SMILES_968,Nc1cccc(-c2ccc(Cn3ccnc3)cn2)c1
SMILES_969,CC(c1cc2c3c(c1)CCN3C(=O)CC2)n1ccnc1
SMILES_970,CCOC(=O)c1cn(-c2ccccc2)c(-c2ccc(N)cc2)n1
SMILES_971,COc1cccc2cc(C(C)C(=O)Nc3ccc(-c4ccccc4)cc3)n(-c3ccccc3)c12
SMILES_972,COc1ccc(-c2ccc(Cn3ccnc3)cn2)cc1OC
SMILES_973,c1cncc(Cn2ccnc2)c1
SMILES_974,Cc1ccc(Cn2ccnc2)cc1
SMILES_975,O=C1CCc2cc(C(C3CCC3)n3ccnc3)cc3c2N1CC3
SMILES_976,COc1ccc(-c2ccc(Cn3ccnc3)cn2)cc1
SMILES_977,CCOC(=O)c1cn(-c2ccccc2)c(-c2ccc()cc2)n1
SMILES_978,O=C1CCc2cc(C(c3cccnc3)n3ccnc3)cc3c2N1CC3
SMILES_979,c1ccc(C(Cn2ccnc2)(c2ccccc2)c2ccccc2)cc1
SMILES_980,Cc1c(C)c(C)c(Cn2ccnc2)c(C)c1C
SMILES_981,C=CCC1(c2cccc3ccccc23)C(=O)NC(=O)N(C)C1=O
SMILES_982,c1ccc(C(Cn2cnc3ccccc32)(c2ccccc2)c2ccccc2)cc1
SMILES_983,c1ccc2c(c1)ncn2CC12CC3CC(CC(C3)C1)C2
SMILES_984,N=[N]=CC(F)(F)F
SMILES_985,Cc1ccc(Cn2ccnc2)cc1
SMILES_986,c1cncc(Cn2ccnc2)c1
SMILES_987,c1cncc(Cn2ccnc2)c1
SMILES_988,Cc1ccc(-c2ccc(Cn3ccnc3)cn2)cc1N
SMILES_989,CCOC(=O)c1cn(-c2ccc(C)cc2C)c(-c2ccc(C)cc2)n1
SMILES_990,c1ccc(-c2cc(Cn3ccnc3)cnc2-c2ccccc2)cc1
SMILES_991,c1cn(CC23CC4CC(CC(C4)C2)C3)cn1
SMILES_992,CC(c1cc2c3c(c1)CCN3C(=O)CC2)n1ccnc1
SMILES_993,COc1ccc(-c2cc(Cn3ccnc3)cnc2-c2ccccc2)cc1
SMILES_994,c1ccc(-c2ccc(Cn3cnc4ccccc43)cc2)cc1
SMILES_995,c1ccc2c(-c3cccc(Cn4ccnc4)c3)cncc2c1
SMILES_996,Fc1ccc(-c2ccc(Cn3ccnc3)cn2)cc1
SMILES_997,CCOC(=O)c1cn(-c2ccccc2)c(-c2ccc(C)cc2)n1
SMILES_998,COc1cccc(C(c2cc3c4c(c2)CCN4C(=O)CC3)n2ccnc2)c1
SMILES_999,c1ccc(-c2ccc(Cn3ccnc3)cn2)cc1
SMILES_1000,c1ccc(Cn2ccnc2)cc1
SMILES_1001,Cc1c(C)c(C)c(Cn2ccnc2)c(C)c1C
SMILES_1002,Fc1cccc(-c2ccc(Cn3ccnc3)cn2)c1
SMILES_1003,c1cncc(Cn2ccnc2)c1
SMILES_1004,c1ccc(-c2ccc(Cn3ccnc3)o2)cc1
SMILES_1005,NC(=O)c1ccc(-c2ccc(Cn3ccnc3)cn2)s1
SMILES_1006,c1ccc(-c2ccc(Cn3ccnc3)o2)cc1
SMILES_1007,Cc1ccc(Cn2cnc3ccccc32)cc1
SMILES_1008,Cc1ccc(-c2ccc(Cn3ccnc3)cn2)cn1
SMILES_1009,C=CCC1(c2cccc3ccccc23)C(=O)NC(=O)N(C)C1=O
SMILES_1010,c1cncc(Cn2ccnc2)c1
SMILES_1011,CCOC(=O)c1cn(-c2ccccc2)c(-c2ccccc2)n1
SMILES_1012,O=C1CCc2cc(C(c3ccccc3)n3ccnc3)cc3c2N1CC3
SMILES_1013,N#Cc1ncccc1Cn1ccnc1
SMILES_1014,Nc1ccc(-c2ccc(Cn3ccnc3)cn2)cc1
SMILES_1015,c1cncc(Cn2ccnc2)c1
SMILES_1016,FC1(C(F)(F)C(C))N=N1
SMILES_1017,c1ccc(-c2cc(Cn3ccnc3)cc(-c3ccccc3)c2)cc1
SMILES_1018,c1ccc2c(-c3ccc(Cn4ccnc4)cn3)cncc2c1
SMILES_1019,Fc1cccc(-c2ccc(Cn3ccnc3)cn2)c1
SMILES_1020,c1coc(-c2ccc(Cn3ccnc3)cn2)c1
SMILES_1021,c1cn(Cc2ccc(-c3cncnc3)nc2)cn1
SMILES_1022,Cc1ccc(-c2ccc(Cn3ccnc3)cn2)cn1
SMILES_1023,Nc1ccccc1-c1ccc(Cn2ccnc2)cn1
